ledger_id,ledger_date,ledger_amount,customer_name,ledger_reference
LDG0001,2024-05-25,3776.34,Karan Joshi,PAY5LXO6QJI
LDG0002,2024-04-19,37477.18,Lakshmi Joshi,PAY6OH9SDBD
LDG0003,2024-04-18,39707.93,Deepak Reddy,PAYVNVQJT7Y
LDG0004,2024-06-13,37668.45,Sneha Malhotra,PAYMKFAZZ81
LDG0005,2024-03-17,43590.67,Suresh Mehta,PAY4SHNF877
LDG0006,2024-01-29,24685.98,Aarti Kumar,PAY753LC58D
LDG0007,2024-05-16,48910.23,Arun Patel,PAY1ERTJ5PH
LDG0008,2024-04-12,35790.97,Lakshmi Nair,PAY9XPSEIMV
LDG0009,2024-01-19,11400.76,Neha Choudhary,PAYZCCBLSKR
LDG0010,2024-05-26,36305.95,Lakshmi Gupta,PAYUIRODXMO
LDG0011,2024-06-14,33831.55,Geeta Verma,PAYDOM5IGQP
LDG0012,2024-06-15,5346.48,raj malhotra,PAY94874FRH
LDG0013,2024-04-26,13627.55,Rahul Shah,PAYKZ02XRGH
LDG0014,2024-03-21,3517.4,Manish Malhotra,PAYCVS4F8CG
LDG0015,2024-03-01,33923.02,Aarti Patel,PAYO7UUBCXU
LDG0016,2024-03-21,33651.44,Arjun Nair,PAYIOYKL1CQ
LDG0017,2024-05-09,27112.9,Sneha Patel,PAYJ755NF4Z
LDG0018,2024-05-21,887.24,Smita Chatterjee,PAYKX7EEDTJ
LDG0019,2024-06-11,10578.07,nikhil kumar,PAY4SJ6BW3B
LDG0020,2024-04-19,27808.18,Ananya Pillai,PAYUE8YFBNT
LDG0021,2024-01-11,15758.79,Vikram Verma,PAY6HID25OW
LDG0022,2024-03-26,9378.35,Meera Sharma,PAY2OY0IFZN
LDG0023,2024-02-28,17808.09,Arun Pillai,PAYIXOKC1MS
LDG0024,2024-01-08,16891.92,Sunita Malhotra,PAYE8G8JDP0
LDG0025,2024-01-30,49219.67,Meera Mishra,PAYNUJZA7TZ
LDG0026,2024-01-18,18528.96,Rashmi Nair,PAY87WXE6SY
LDG0027,2024-05-21,35011.82,Siddharth Shah,PAYEP7Y6WKT
LDG0028,2024-04-20,14702.23,Rahul Singh,PAY2VLPYS28
LDG0029,2024-03-13,33113.11,Rashmi Reddy,PAYSWM31YIH
LDG0030,2024-05-01,12619.71,Rahul Verma,PAYW1Q5UZNO
LDG0031,2024-01-28,44686.66,Vikram Sharma,PAY2H2ZQU7E
LDG0032,2024-05-23,33545.1,Smita Pillai,PAYV86WZS3T
LDG0033,2024-03-04,22778.45,Ananya Bose,PAY4J1RIPZI
LDG0034,2024-01-21,44704.83,Siddharth Kumar,PAYEIYZCOTO
LDG0035,2024-05-27,42908.24,nikhil sharma,PAYNAM148P0
LDG0036,2024-01-08,22073.88,Neha Joshi,PAYNY20479T
LDG0037,2024-01-07,28437.4,Karan Choudhary,PAYDP5GJLQM
LDG0038,2024-04-17,37724.49,Karan Joshi,PAYJCAT9MX2
LDG0039,2024-03-04,37834.54,Deepak Verma,PAYHAFEYUHZ
LDG0040,2024-06-04,8805.56,Gaurav Rao,PAY8Z2FLU7U
LDG0041,2024-02-20,47102.79,Karan Shah,PAYCYWD14VE
LDG0042,2024-04-04,21704.71,Pooja Malhotra,PAYCXAPRPN6
LDG0043,2024-05-13,22056.61,nikhil gupta,PAY8J3TRP0J
LDG0044,2024-06-20,28707.56,Neha Pillai,PAYNB4GH2M5
LDG0045,2024-05-12,28011.66,Nikhil Joshi,PAY8DZR1YXR
LDG0046,2024-02-26,5106.14,Smita Sharma,PAYOIXNTM9T
LDG0047,2024-03-05,13910.36,Pooja Pillai,PAYIZL08YG0
LDG0048,2024-05-14,48842.05,Arjun Choudhary,PAYV93KMKZE
LDG0049,2024-06-27,27891.27,Priya Verma,PAY7W1DAKRM
LDG0050,2024-05-02,47082.65,PRIYA JOSHI,PAYECRUYF38
LDG0051,2024-06-07,30512.72,Gaurav Kapoor,PAYISQP49KW
LDG0052,2024-02-23,47405.71,Aarti Mehta,PAYWJCITFOY
LDG0053,2024-03-14,2115.67,Divya Singh,PAYZZQY72WX
LDG0054,2024-02-27,6181.43,Rohan Kapoor,PAYX63CFL0U
LDG0055,2024-06-25,6655.51,Kavya Pillai,PAYKOJTPV60
LDG0056,2024-02-28,1780.31,Aarti Joshi,PAY84U89YJB
LDG0057,2024-03-12,32749.72,DIVYA CHATTERJEE,PAYGVWRDMLY
LDG0058,2024-04-12,33297.89,Divya Singh,PAY3TQLL8OS
LDG0059,2024-01-14,23367.83,Rahul Malhotra,PAYGN1W1HT7
LDG0060,2024-06-10,6510.59,Raj Bose,PAYVIFTTD96
LDG0061,2024-03-10,25689.16,Divya Singh,PAYORQQFGV0
LDG0062,2024-04-16,14174.25,Vikram Patel,PAYM2JA04UX
LDG0063,2024-05-03,22604.1,Geeta Gupta,PAYMTTQLGZU
LDG0064,2024-05-01,2660.54,Neha Kapoor,PAYZ3NX39RB
LDG0065,2024-01-26,16933.74,Suresh Choudhary,PAY5PSQ0OXF
LDG0066,2024-06-26,17258.78,Divya Joshi,PAYOCLYT8W5
LDG0067,2024-03-14,31742.47,Amit Iyer,PAY90PDW5PY
LDG0068,2024-03-16,39909.1,Priya Kumar,PAYMPIOYGGV
LDG0069,2024-06-12,11993.33,MANISH GUPTA,PAYJJA26YFP
LDG0070,2024-03-18,23113.37,Meera Joshi,PAYHNRIUU9K
LDG0071,2024-01-13,43320.84,Rahul Choudhary,PAY60361I2H
LDG0072,2024-06-17,12906.03,Rohan Mishra,PAYYEDWB2BN
LDG0073,2024-03-24,45526.58,Vikram Patel,PAY0GET8T63
LDG0074,2024-03-16,48385.51,Arun Bose,PAY0ME8F840
LDG0075,2024-04-11,18605.86,Karan Malhotra,PAYATQYYV37
LDG0076,2024-06-07,23838.1,Sneha Iyer,PAY5U6HC36K
LDG0077,2024-01-10,7418.96,Meera Mehta,PAYKRD5EQY0
LDG0078,2024-06-16,44327.98,Rashmi Gupta,PAYDRO8BNP8
LDG0079,2024-06-24,5418.05,GEETA RAO,PAYN6XCJ883
LDG0080,2024-01-13,48569.12,Deepak Mishra,PAY2IEUC1HH
LDG0081,2024-02-07,16763.7,Geeta Iyer,PAY2VJ99T2D
LDG0082,2024-04-01,7024.26,Geeta Sharma,PAY2ILGB0S0
LDG0083,2024-01-28,25905.28,Raj Rao,PAYQHW06XKX
LDG0084,2024-04-12,49930.04,Rahul Verma,PAYPDZP6LFE
LDG0085,2024-03-24,27643.64,Aarti Choudhary,PAYNVKSP2EX
LDG0086,2024-02-25,36181.58,Gaurav Malhotra,PAYP5O3O0LL
LDG0087,2024-06-24,47702.83,Arjun Rao,PAY7C3DD03U
LDG0088,2024-06-20,28303.33,Manish Malhotra,PAYEMX15Z8V
LDG0089,2024-02-24,29106.97,Pooja Mehta,PAYFR4MUEKI
LDG0090,2024-06-08,48740.06,Meera Malhotra,PAYWXA73JGZ
